,0.1,0.3020408163265306,0.5040816326530613,0.7061224489795919,0.9081632653061225,1.1102040816326533,1.3122448979591839,1.5142857142857145,1.716326530612245,1.9183673469387756,2.1204081632653065,2.322448979591837,2.5244897959183676,2.7265306122448982,2.928571428571429,3.1306122448979594,3.33265306122449,3.5346938775510206,3.736734693877551,3.938775510204082,4.140816326530612,4.3428571428571425,4.544897959183674,4.746938775510204,4.948979591836735,5.151020408163265,5.353061224489796,5.555102040816326,5.757142857142857,5.959183673469387,6.161224489795918,6.3632653061224485,6.5653061224489795,6.7673469387755105,6.969387755102041,7.171428571428572,7.373469387755102,7.575510204081633,7.777551020408163,7.979591836734694,8.181632653061225,8.383673469387755,8.585714285714285,8.787755102040816,8.989795918367347,9.191836734693878,9.393877551020408,9.595918367346938,9.79795918367347,10.0
1.0,1.0259413652957003,1.0393711585249201,1.0019647818600002,0.9370775260037926,0.8939649141402702,0.9488737317015118,1.2061330561346804,1.7992452866690085,2.8919771740827813,4.6794508504703165,7.3892348590089485,11.28243518372601,16.654786279265817,23.837742100656634,33.19956713307769,45.14642742162616,60.12348160108404,78.61597192568536,101.15031529888293,128.29519430311544,160.66264822957436,198.90916410797095,243.73676773630376,295.8941147106243,356.17758145480565,425.4323562503078,504.5535302659465,594.4871885876582,696.2315012482691,810.8378142572597,939.411740630535,1083.114251420187,1243.1627667442683,1420.832246816551,1617.456282976299,1834.4281887180366,2073.202090721308,2335.2940198804536,2622.283002334367,2935.812150496274,3277.589754083488,3649.390371147181,4053.055919102155,4490.496765756603,4963.692820341886,5474.694624542276,6025.624443524754,6618.677356968756,7256.122350095955,7940.3034047
1.0408163265306123,1.0253905829945202,1.0435648891316631,1.0225724254891364,0.9905214303568248,1.0015848699453118,1.137091468152865,1.5066167363324174,2.24907400305855,3.5338054438944755,5.561673111159018,8.5661499636936,12.814410896629218,18.60842377115343,26.286040444277326,36.22208779860255,48.829458772088245,64.56020338781799,83.90661978376693,107.4023452425686,135.62344722128196,169.1895143811585,208.7647476174088,255.05905108897045,308.82912324827356,370.87954787100955,442.06388508589606,523.2857624044462,615.4999657507335,719.7135304911603,836.9868324642238,968.4346790102841,1115.2274000013288,1278.5919388707448,1459.8129436430795,1660.2338579638104,1881.2580121291148,2124.349714115631,2391.0353406102313,2682.904428039782,3001.610763600921,3348.8734762898125,3726.47812793192,4136.277804211776,4580.1942057027445,5060.218738896794,5578.41360723425,6136.9129021335775,6737.923694021143,7383.72712336099,8076.679491684574
1.0816326530612246,1.0248481620714198,1.047055008782041,1.0403121735068508,1.0368961858810257,1.0953003841498632,1.301325944935768,1.769172913005232,2.642531231035816,4.095671769383138,6.334537355847847,9.597833805442619,14.15812095015911,20.32290366873498,28.435722916420843,38.877246754747254,52.06636138129174,68.46126215944565,88.56054464818135,112.90429563181898,142.07518414979359,176.69955252642208,217.44850740066997,265.03901075591915,320.23497094973345,383.8483337436275,456.7401733328316,539.8217833760607,634.0557680252797,740.4571329554722,860.094376394405,994.0905801523985,1143.6245006520892,1309.9316599582025,1494.305436807314,1698.098157637618,1922.7221876186995,2169.651021681292,2440.4203755470544,2736.6292767583277,3059.9411557079143,3412.0849366688317,3794.856128824088,4210.117917296448,4659.802254178197,5145.9109495609155,5670.51676256523,6235.7644923705975,6843.872069245064,7497.131645575038,8197.91068689504
1.1224489795918366,1.0243168294463323,1.0499630526873174,1.0556538566253335,1.077344272738338,1.1773471613900555,1.4454242415969647,1.9998771207952761,2.9886383246079182,4.590362326611519,7.015516578103386,10.507472537868502,15.343596701946474,21.836341633398554,30.33433699207459,41.223480564380075,54.928029293043,71.91169030688094,92.67871195056807,117.77497481440203,147.78908276407097,183.3534539704206,225.14541193922068,273.8882765409334,330.3524550404782,395.35653312700106,469.7683659436392,554.5061691172904,650.5396097883776,758.8908976406185,880.6358759307894,1016.905112518496,1168.8849908959357,1337.8188012176706,1525.0078313303877,1731.81245780267,1959.6532369547654,2210.011995888347,2484.4329235162877,2784.52366159242,3111.956395741311,3468.4689464880216,3855.8658602878754,4276.019500556231,4730.871138698243,5222.432045138636,5752.784580351455,6324.083285889853,6938.555975415848,7598.504825730097,8306.307467801638
1.163265306122449,1.0237984171207553,1.052386900759018,1.0689776259700612,1.1127907204437524,1.2495352648716775,1.5725003227141303,2.203645969967086,3.2946943249291905,5.028220577968742,7.618744021290667,11.313819078703524,16.395126335386433,23.17956356765614,32.02033677273392,43.30805119851262,57.471802373323584,74.98026713570368,96.34279466416231,122.11049750694825,152.87734261181686,189.28124235579688,232.00514557495723,281.7781285941749,339.3764862569005,405.6248229549267,481.39714365815365,567.6179449443579,665.2633060289572,775.3619797947799,898.9964838218292,1037.304191417053,1191.4784226441075,1362.7695353531294,1552.486016210496,1761.9955717285966,1992.7262192956018,2246.1673782052226,2523.870960686487,2827.452462933496,3158.592056135205,3519.035677505175,3910.5961213113496,4335.15412990582,4794.659484754591,5291.1320974673545,5826.663100827235,6403.415939820587,7023.627462666736,7689.609011847777,8403.747515138286
1.2040816326530612,1.0232941007921745,1.0544059517551272,1.080593432512639,1.1439903929169382,1.313341870167351,1.6850951185772889,2.3844906393412244,3.5666532103016793,5.417682915716208,8.155746176024367,12.032166777614727,17.33251690259181,24.377708158543108,33.525082608306064,45.16950379973505,59.744447795468304,77.723094202695,99.61941720292216,125.98927658174166,157.43150875859723,194.58901781655143,238.1498665320524,288.84836740470166,347.46617368701965,414.83337041421447,491.829565433947,579.3849804360998,678.481541982542,790.1539725368991,915.4908814943159,1055.6358562112284,1211.7885530351257,1385.2057883343225,1577.2026295277203,1789.1534861145774,2022.4932007042783,2278.718140046095,2559.387286058959,2866.123326861224,3200.61374780044,3564.61192248311,3959.9382038044632,4388.481014978225,4852.197940566376,5353.1168175089315,5893.336826153684,6475.029581286002,7100.440223158572,7771.888508521188,8491.769901650483
1.2448979591836735,1.0228045744231766,1.0560850424019705,1.0907557879971974,1.171563788698909,1.3699814283227265,1.785297526776824,2.545708369828904,3.8094087388731888,5.765682940697399,8.635995837249736,12.675083875405864,18.172046116735885,25.451435267271343,34.874348707272176,46.83951952099374,61.784407526453734,80.18629030519924,102.56335423207366,129.47578550498375,161.52686117466658,199.3640401744564,243.68005435005173,295.21399948928274,354.7524263518771,423.1304316992286,501.23274932416217,589.994841080703,690.4039879138415,803.5003808893023,930.3782122233087,1072.1867663123528,1230.131510762959,1405.4751874214548,1599.5389034037341,1813.7032221250256,2049.4092543296624,2308.159749120843,2591.520184990407,2901.11986084859,3238.6529870538056,3605.879776442398,4004.627535358416,4436.791754683382,4904.337200866056,5409.299006952205,5953.783763614359,6539.970610181593,7170.112325669288,7846.536419808906,8571.646224077725
1.2857142857142856,1.0223301787954062,1.0574774446519108,1.0996750617065667,1.1960244195573613,1.4204592811076837,1.8748368123333121,2.690028612049392,4.027011741677419,6.077959755012229,9.067333727988963,13.252973288450082,18.927187645912298,26.41784662133361,36.08947167688025,48.3443269456937,63.62351026165763,82.40804418916488,105.21996705288456,132.62342396752882,165.22575786762008,203.67860053725772,248.67896363988515,300.97032974805757,361.3437433732071,430.6389019954121,509.7452470931617,599.6030551731255,701.2045287999176,815.5948876258667,943.8734594207796,1087.194771101712,1246.7696397627315,1423.8662637046891,1619.8113134649811,1835.9910228473195,2073.8522799515003,2334.9037182031643,2620.716807383573,2932.9269446593644,3273.234545612334,3643.4061352691883,4045.2754391313183,4480.744474204567,4951.784640028995,5460.437809708653,6008.817420941328,6599.109567048341,7233.57408800429,7914.54566146684,8644.434893806447
1.3265306122448979,1.0218709967070634,1.0586271785331092,1.1075262060759086,1.217799945193071,1.4656130194440704,1.9551538398572292,2.819725634696698,4.222837479229442,6.359295325492223,9.456293032058579,13.774503393805809,19.60916917168195,27.291194122472767,37.18823402856873,49.70578772773202,65.28828814286345,84.42019331176948,107.62707741692932,135.47672181526167,168.58020606789188,207.59299896991888,253.216049580182,306.19687825102875,367.33066765808013,437.4613538299998,517.4827171782588,608.3394735269047,711.0283651423265,826.5992517630239,956.1562016293715,1100.858582513389,1261.9221527485042,1440.6201522593258,1638.2843935914032,1856.3063529409978,2096.138261184853,2359.2941949099513,2647.351167443295,2961.9502198816563,3304.797512121364,3677.6654138880526,4082.3935957664385,4520.890120230087,4995.132532671176,5507.168952430269,6059.119163826068,6653.175707185198,7291.6049698719635,7976.748277318127,8711.022984052644
1.3673469387755102,1.0214269237943898,1.059570811813997,1.114455554482061,1.2372486308356148,1.5061446689117222,2.0274564755144606,2.9367060659819,4.39971569395309,6.6136988811350435,9.808351447069708,14.24694253890097,20.227405661141603,28.083429705440295,38.185549980348576,50.94223924108787,66.8009987193164,86.2494491528962,109.81642181566022,138.073049547179,171.63385778252805,211.15785558205445,257.349626661144,310.9604204199887,372.78924297335226,443.68394818033937,524.54232867416,616.313206891899,719.9975261042806,836.6494414454382,967.3774109426781,1113.3452865462498,1275.7734051591096,1455.9396796666915,1655.1806899666701,1874.8927739987294,2116.5331187743323,2381.620851406482,2671.7381301394953,2988.5312353787626,3333.711660720524,3709.0572039816266,4116.4130582292955,4557.692902810904,5034.8799943837375,5550.028257944763,6105.263377860384,6702.783888896226,7344.862267246892,8033.846021565743,8772.15878399463
1.4081632653061225,1.0209977214094492,1.060338871289936,1.1205861598067317,1.254672267602215,1.5426459436576454,2.092763035060148,3.042577516769692,4.560032521386076,6.844551368915914,10.128128596539607,14.676420988378341,20.789838605261046,28.804635814491416,39.09400231961484,52.06915419018544,68.18042489153301,87.91835631453,111.81478980535857,140.44395719527745,174.42357183038902,214.41591960140627,261.1289499734196,315.3173670156646,377.7837204312873,449.3794965871135,531.0062095434134,623.6164920836707,728.2151867443475,845.8604368446538,977.6647775163111,1124.7962267333237,1288.4793763417404,1469.9964830894282,1670.6885596558316,1891.9564656817447,2135.2619987990793,2402.1289856606254,2694.144372969827,3012.959318510539,3360.2902821768052,3737.9201170026163,4147.699160191678,4591.546324147186,5071.450187501583,5589.470086146335,6147.7372042616835,6748.455665346429,7393.90362324769,8086.43435319068,8828.477342808443
1.4489795918367347,1.0205830562022655,1.0609569575911537,1.1260220186345598,1.2703263935794127,1.575618214810157,2.1519366226157373,3.138702794956574,4.705810977231555,7.054719512045015,10.41954186897371,15.068137674333816,21.30320374094789,29.463365097911872,39.924266020362055,53.09966105924209,69.44250607106991,89.44604924770479,113.64492214611431,142.61623071814125,176.9806463402707,217.40349684339697,264.59585754259047,319.3156422668652,382.3686943889447,454.6098778550305,536.9441682145673,630.3277436500119,735.7690760065984,854.3300218221068,987.1269133566279,1135.3316496223338,1300.1727874132393,1482.9366323349764,1684.9683298345535,1907.6729562301261,2152.516609740768,2421.0275015162283,2714.7970466667084,3035.4809552926204,3384.800323514364,3764.542724502083,4176.563299505437,4622.785848883371,5105.203923133879,5625.881913923776,6186.956145118449,6790.6359638116455,7439.2048313552295,8135.021414388955,8880.52067587021
1.489795918367347,1.0201825297934708,1.0614466318230662,1.1308514373446756,1.284428437673905,1.6054884142653234,2.2057124684794505,3.2262430513497287,4.838774993349517,7.246646534159069,10.685930352432514,15.426524595564842,21.773243909458877,30.066910468292278,40.68544500428449,54.04495783746379,70.60083990543417,90.84885379314238,115.32622476264501,144.61273178287524,179.33179855941,220.1515845642369,267.78607606552106,322.99617715737287,386.59080078961324,459.42795979754305,542.4158579317074,636.5139808876652,742.7341873357536,862.1417999508583,995.8566964421757,1145.0544005829859,1310.967173240413,1494.8851034051997,1698.1571992214667,1922.192479016483,2168.461062330437,2438.4952609461943,2733.8906699190757,3056.3072586066105,3407.470461698321,3789.1722702454717,4203.272322690847,4651.698995898518,5136.450496183603,5659.595950342046,6223.276496680364,6829.706376045437,7481.174022854257,8180.0431561237165,8928.753870500335
1.530612244897959,1.019795701022879,1.06182612526919,1.1351497322478972,1.2971642522426852,1.6326217877042402,2.254719843017235,3.3061923542673064,4.960400719008044,7.422424826027969,10.93015408511752,15.755378456836032,22.204879482278706,30.621521312843633,41.385341739998715,54.914643225048714,71.66708392890217,92.14076874183843,116.87534031327465,146.45307008153267,181.49994930360614,222.6867800849274,270.7302664091343,326.39410516783795,390.4900771903883,463.8791382736429,547.472510211732,642.2327718258272,749.1749499939069,869.3676106805256,1003.9339499665771,1154.052885079066,1320.9601454208705,1505.9493636005136,1710.3731664619252,1935.6442661142123,2183.2365509614283,2454.6861767323317,2751.592657510165,3075.619956762407,3428.497578370557,3812.0216576598864,4228.056052429211,4678.533433980665,5165.456378149456,5690.898456333646,6257.005326523897,6865.995824333261,7520.163054026936,8221.875479552042,8973.578015567355
1.5714285714285714,1.0194221026108703,1.0621109108987083,1.138981409084011,1.3086933866333066,1.6573321868430713,2.299499736606712,3.379405576181547,5.071957888955789,7.5838545312155325,11.154674061911727,16.057966772427175,22.60234571634348,31.132577739208077,42.03067450830118,55.71698354240278,72.65127924155962,93.33385391685215,118.30660882016164,148.1541451739369,183.5048552009616,225.03201315412096,273.4548663461687,329.53972617949483,394.1010591758909,468.0025780063192,552.1583325206775,647.5338007775683,755.1469800740634,876.0694779754735,1011.4276033451121,1162.4034573740662,1330.2360246109588,1516.2222639917222,1721.7181998693568,1948.1400130437037,2196.965131791213,2469.7333228947045,2768.0477826731426,3093.5762280113927,3448.051987390002,3833.2750919149544,4251.113366347441,4703.503520133632,5192.452238434438,5720.0372731552825,6288.408533975856,6899.789179379898,7556.47670768496,8260.844048072177,9015.340651616003
1.6122448979591835,1.0190612535987789,1.0623141662077242,1.1424019326573636,1.319153369879691,1.6798904261647631,2.3405192109276807,3.446621024475565,5.1745433877745475,7.732491072216753,11.36161712938727,16.33711392083116,22.9693041478204,31.60473188112089,42.62725359075945,56.45912917579078,73.56211299406442,94.43854489199177,119.63244123431312,149.7305859338645,185.36362148134478,227.20713997508255,275.98277415080304,332.45928841139596,397.45366985668045,471.83221931317473,556.5116423638603,652.4601403779521,760.6985015406618,882.3011918829684,1018.3974463113819,1170.1723596377137,1338.8679776088397,1525.7843879364725,1732.2808113269216,1959.776692510865,2209.752791273118,2483.7522734823933,2783.3818021210764,3110.312628314983,3466.2816823631374,3853.0926647675287,4272.617137262882,4726.79561384643,5217.638651807672,5747.227942758151,6317.717403661201,6931.33426786174,7590.380176116019,8297.232267621403,9054.34427104611
1.6530612244897958,1.0187126685903123,1.062447150068371,1.1454591717020763,1.3286632084656878,1.7005311070577551,2.378183115668103,3.508478913744807,5.2691086417611865,7.869683930982777,11.552828933234323,16.595271350666753,23.30893346552415,32.04202316991077,43.180124995557975,57.147291143591275,74.40713251429725,95.46390973689054,120.86362419928093,151.1951090778402,187.0911203671691,229.22942790986448,278.33390642628603,335.17562654432385,400.5739458291642,475.3975998130583,560.5657930250873,657.0492900209309,765.8715064126334,888.1095998983715,1024.8955612922193,1177.417305553919,1346.919762818643,1534.7059694267668,1742.1381589536293,1970.638853239304,2221.691953418367,2496.8438309496605,2797.704418646062,3125.9483017042494,3483.3158087344727,3871.6141027903136,4292.718272398457,4748.57242258846,5241.190765922513,5772.658713525218,6345.133966113333,6960.847605025565,7622.105183252323,8331.287816465492,9090.853274048179
1.693877551020408,1.0183758645625973,1.0625195111185457,1.1481945848063915,1.3373262583667476,1.7194582207094842,2.4128437066807122,3.565536526829761,5.356482097176167,7.996608468976657,11.729917358492118,16.834575176754605,23.624004059334283,32.44797289610645,43.69368836101851,57.78688594185693,75.19292097001424,96.41785965025602,122.00957009048795,152.55881333152257,188.70033437684657,231.1139532223875,280.5256558862808,337.7086854386373,403.48463303130893,478.7245289276577,564.3499335323199,661.3340284209767,770.702707370117,893.5356673868084,1030.9674997384607,1184.1887809825962,1354.4471639966127,1543.0484690075566,1751.3577746218816,1980.8005088552213,2232.863540162158,2509.0962684659835,2811.111716188471,3140.5876192796372,3499.2675182475186,3888.961849187927,4311.549034814221,4768.97657548708,5263.262140244258,5796.494657830367,6370.835407726619,6988.519111180623,7651.85502223613,8363.22801876282,9125.09969348603
1.7346938775510203,1.018050365827633,1.0625395413394498,1.150644198669804,1.3452325953157687,1.736849772002995,2.4448085824526973,3.618280723148628,5.437387763104067,8.114292173628803,11.894288358096116,17.05689368170976,23.91693950127093,32.82566219494528,44.171794192029864,58.38265500272016,75.92524224787701,97.30732268879359,123.07852325696257,153.83142208384277,190.20263953062644,232.87392921800605,282.5732690559413,340.0759522734266,406.20567844825666,481.8356445367957,567.8896359037417,665.3431173518965,775.2243241519292,898.615353072147,1036.6532534082583,1190.5311180131437,1361.4991743266182,1550.865875405205,1759.9989909518943,1990.3266983459148,2243.338673672504,2520.587182752666,2823.6881721729496,3154.3223603152032,3514.2363283863556,3905.2436114481693,4329.225789447015,4788.133578243639,5283.987920642928,5818.881077423681,6394.977718368359,7014.516013292877,7679.808723076352,8393.244290690891,9157.287932231317
1.7755102040816326,1.0177357075849094,1.0625143855104218,1.1528394188862605,1.3524609804138208,1.7528616141371394,2.4743472652098806,3.6671383096623127,5.512460584168296,8.223636415812265,12.047175651856207,17.263866689506656,24.18986750568164,33.17779668677772,44.61782445843691,58.93876371531373,76.60916105084212,98.13838778700244,124.07773100408855,155.02148457047454,191.6080401723821,234.52097834364707,284.4901594954866,342.29281494626673,408.7546379512678,484.7508747324536,571.207415508236,669.1018855232444,779.46473607809,903.3803355591358,1041.9880604682603,1196.4833864526283,1368.118979334453,1558.2057861407693,1768.1141261331938,1999.274781837696,2253.1800900743674,2531.3850329871802,2835.5083290737666,3167.233524215171,3528.3100827056332,3920.55447828234,4345.8512851552005,4806.154269036616,5303.487478171237,5839.946334365745,6417.698724018597,7038.986089149816,7706.124518430743,8421.50583821382,9187.598703562324
1.816326530612245,1.0174314384009553,1.0624502149637984,1.1548077049531582,1.3590804976570132,1.7676306434778446,2.501696683699618,3.712484680254765,5.582259245491168,8.325434571939144,12.18966546207842,17.456938358105127,24.44466237169876,33.5067603137892,45.03475972432364,59.458883902033634,77.24914293420203,98.91642472642994,125.0135860324038,156.13654348366228,192.9253646193633,236.06535891605097,286.28816881742245,344.3728607640957,411.1470162233749,487.4878227190194,574.3231648610085,672.6327153753112,783.4490261336497,907.8586191832703,1047.003077776706,1202.0801374015487,1374.34477681021,1565.110309049696,1775.749472491365,2007.6955218607009,2262.443319267081,2541.5504252335368,2846.6381897265283,3179.3928431857025,3541.566587553673,3934.9786873057715,4361.516560479826,4823.136869705922,5321.866613236178,5859.804215974505,6439.120620506363,7062.060378128552,7730.942739878963,8448.162747566359,9216.192324800108
1.8571428571428572,1.0171371218724505,1.062352372314034,1.156573134652232,1.3651519241038372,1.7812774731556569,2.527065761331498,3.754651044959148,5.647276886937356,8.420387186502824,12.322717208997172,17.63738461563395,24.682980493265575,33.81466038415036,45.42523531571946,59.946262830343905,77.8491380151015,99.64618453154387,125.89174564546349,157.1832752566605,194.1624289287099,237.5161549187283,287.977785207141,346.32812652744946,413.396551395997,490.0620891417376,577.2545169360008,675.9554508222608,787.1994367459013,912.0750415839852,1051.725944175018,1207.3520263487187,1380.2104639557829,1571.616817897654,1782.9461251562857,2015.6339898239116,2271.177674132814,2551.1371894850854,2857.136387482402,3190.864050955782,3554.0749849953672,3948.591107980172,4376.302542607862,4839.168706924519,5339.219405354406,5878.5559197297425,6459.35210032045,7083.855456863942,7754.388249594882,8473.348580274958,9243.211483222622
1.8979591836734693,1.0168523376696277,1.062225492478264,1.1581568778597997,1.3707288811091118,1.7939086798861539,2.5506392719829427,3.7939305050905343,5.707950106566012,8.50911471319947,12.447180900980989,17.80633621486763,24.906290198550394,34.10336542422123,45.791588522340014,60.403781211401515,78.41265132770239,100.33188385510812,126.71723195482016,158.16760799514267,195.3261745812497,238.88143558495202,289.5683271744641,348.1693088441717,415.5154544443974,492.4875432111696,580.0171507959873,679.0877402955892,790.7357532817186,916.0517008308932,1056.1812545541675,1212.326337626906,1385.746215818544,1577.7585885223596,1789.7406797852366,2023.130329337433,2279.4270836223523,2560.193286826301,2867.055171908266,3201.7039516296713,3565.8969095841576,3961.4584912273363,4390.281394906561,4854.327662890702,5355.629772399902,5896.291726635355,6478.4901458090535,7104.475358173577,7776.572491051851,8497.182561866917,9268.783569171681
1.9387755102040816,1.016576682111087,1.0620736042460872,1.159577595869052,1.3758588054487657,1.8056186997312034,2.5725810935065128,3.8305831793759944,5.764666557519089,8.592168265460357,12.563811807836458,17.96479818616315,25.115896928602233,34.37453711972858,46.135898430297075,60.83400214700965,78.94280220228218,100.97727620401156,127.49451646534268,159.09482103443528,196.42278472423115,240.16839014222086,291.06809872021074,349.90594174409074,417.5146113835994,494.77655172209353,582.6250497863123,682.0453265761472,794.0756280944058,919.8083163765825,1060.3909605206213,1217.0274277166868,1390.9789742769271,1583.5653366652468,1796.165822527066,2030.220401719092,2287.23079733909,2568.7615767556404,2876.4412426379154,3211.963323985437,3577.087467157856,3973.6405269047054,4403.517657395174,4868.683403247876,5371.172790560616,5913.092417940155,6496.62154753197,7124.013196050035,7797.595225806583,8519.771435741874,9293.022652453941
1.9795918367346939,1.0163097683863718,1.0619002158246653,1.1608517791846704,1.3805837716197327,1.8164914337957099,2.593036963657958,3.8648405461983084,5.817771383222056,8.670038723114942,12.67328289061013,18.1136663165552,25.312964567679103,34.62965737635919,46.46001967038814,61.239212602741006,79.44237458134212,101.58571229883214,128.227591762335,159.96962932322495,197.45778270689345,241.38344204251615,292.4845208928198,351.54654728385003,419.40375473473637,496.9401732874621,585.0907205366279,684.8422926592226,797.2348554443859,923.3625353231796,1064.3747103983508,1221.477101474103,1395.9328630858572,1589.0636745300271,1802.2508308937772,2036.9363340847945,2294.623983861059,2576.8804688606006,2885.336457631279,3221.6876896605354,3587.696066405177,3985.1907423211287,4416.069215893206,4882.298420664886,5385.91581626807,5929.030479452852,6513.824195117277,7142.552547337123,7817.546010395659,8541.211039813425,9316.03116337796
2.020408163265306,1.0160512265159425,1.0617083871288548,1.1619940342838186,1.3849411906458176,1.826601613234325,2.612136823190292,3.8969091355431194,5.867572688977652,8.743164475601153,12.77619537071029,18.25374116255813,25.49853358212107,34.8700513328659,46.765611120516716,61.62145868282195,79.91385981932133,102.16019142111281,128.92003250061973,160.7962552213575,198.436115927701,242.53234617465105,293.8242437576016,353.0987637421076,421.19160949364976,498.9883237074044,587.4253794380076,687.4912711293248,800.2276056442151,926.7301932943019,1068.1501388697343,1225.6949326689614,1400.6295415284917,1594.2774998526668,1808.0220006434229,2043.30698653006,2301.6382407990122,2584.584478423608,2893.778437093843,3230.917968246142,3597.7671280931345,3996.1572686534096,4427.98812878129,4895.228925196601,5399.9194435144345,5944.171129274918,6530.168178972971,7160.168631088089,7836.505457114097,8561.587652588938,9337.901328124393
2.061224489795918,1.0158007031176743,1.0615007910654384,1.1630173278795162,1.388964405995012,1.8360159637230231,2.6299968150176247,3.9269736792428502,5.914346210939674,8.811938029592998,12.873087749398627,18.385740009030265,25.67353650140646,35.096907003457645,47.05416040589308,61.98257574296783,80.35949322224978,102.70340525438655,129.57504748287266,161.5784898138162,199.36222744570614,243.62027189917904,295.09324204678603,354.56945514276066,422.88601785278394,500.92991728375375,589.6391120135494,690.0036231208011,803.0666252146541,929.9255374645393,1071.7331146299355,1229.698538090142,1405.0885068740395,1599.2283286898637,1813.5030109549657,2049.3583518255823,2308.3020312266062,2591.9047018813444,2901.8010803412953,3239.6910380159056,3607.340692202349,4006.5834971152804,4439.32133491661,4907.525606745272,5413.238323746987,5958.573198104036,6545.716734065011,7176.929318974602,7854.546314303354,8580.97914667744,9358.716398908407
2.1020408163265305,1.0155578610331806,1.061279765645485,1.1639331956600867,1.3926832034441727,1.8447942021984878,2.646720995724315,3.955199808190456,5.958339313900214,8.876711667058382,12.964443531538217,18.510307110648437,25.838811176900165,35.311292101773965,47.327004885486794,62.32421418675899,80.78128535258124,103.21777544798155,130.19552428579237,162.3197454564173,200.2401173575984,244.6518742241828,296.29689715788993,355.9648051570789,424.4940461465141,502.7729880071344,591.7410096058175,692.3895918251494,805.7634085931892,932.9614179132386,1075.1379528936054,1233.5038127773748,1409.3273539721717,1603.935581079933,1818.7152379266684,2055.1138985922316,2314.6410584400887,2598.8692251470793,2909.435009733191,3248.040217591316,3616.4529395170325,4016.5086427383585,4450.111261945522,4919.234290320735,5425.921870567954,5972.2898859426505,6560.527051281566,7192.896004032497,7871.734395284055,8599.455980795436,9378.551712026163
2.142857142857143,1.0153223788550125,1.0610473584265387,1.1647519212258592,1.396124248705452,1.8529898927771968,2.662402805579355,3.981736369243551,5.999774425661759,8.937802306253282,13.050697861731736,18.628022491872038,25.995112175277363,35.514168499146166,47.58534968903913,62.64786163864617,81.18104893955342,103.70548591101013,130.7840676296959,163.02310095948724,201.07339558122501,245.63135502248105,297.4400676873252,357.29039788609305,426.022076865151,504.524793836666,593.7392870083695,694.6584346133277,808.3283459397047,935.8494523605339,1078.37759836348,1237.125132580612,1413.3619988181626,1608.4168270863047,1823.6780246289081,2060.5948669533127,2320.678588860098,2605.5034754728404,2916.7079532678913,3255.9956811041343,3625.1366412527627,4025.968230427035,4460.396350812049,4930.396501094507,5438.014867492486,5985.369414785202,6574.650977342768,7208.124350155977,7888.129379866061,8617.082055794468,9397.475600972593
2.183673469387755,1.0150939503863043,1.060805364518984,1.165482689935621,1.3993114641957665,1.8606511840236226,2.677126335075029,4.006717421704438,6.038851996731904,8.995495691210065,13.132243244191123,18.73940953249383,26.143120600470453,35.706404689773784,47.83028326912411,62.95486206407619,81.56042208678625,104.16851066577891,131.34303247571432,163.6913405671549,201.86532739633262,246.56251585491566,298.5271502997755,358.55128758275447,427.4758880804313,506.1919067238901,595.6413840284852,696.8185371236102,810.7708507824628,938.6001684518146,1081.463783281774,1240.5755291555588,1417.206871719256,1612.6879994115975,1828.4089144937182,2065.8205240789275,2326.43573116248,2611.830525651333,2923.6450753939234,3263.5848172099254,3633.4215479200284,4034.9945153756926,4470.211509488921,4941.049953262032,5449.557993817415,5997.855593427312,6588.13562054356,7222.664940827389,7903.785508179166,8633.915455768183,9415.550187062385
2.224489795918367,1.0148722840570592,1.06055535917501,1.1661337215593992,1.4022663543626426,1.86782144590228,2.69096741942796,4.030263962888417,6.075753058698459,9.050050013505953,13.209434487958793,18.84494152647191,26.28345258699421,35.8887865707756,48.06279085213396,63.246432308222104,81.92088834879478,104.60863794597566,131.8745526640243,164.32698768910313,202.6188728590445,247.44880369311753,299.562132421795,359.7520590165211,428.86072221947694,507.7802905733494,597.4540534510959,698.8775120857141,813.0994706000056,941.2231270363468,1084.407164386451,1243.866841621142,1420.8750847201127,1616.7635777017017,1832.9238536526507,2070.8083857578767,2331.931678330242,2617.871357840313,2930.2692639461357,3270.8325405229925,3641.3347266931833,4043.6168478557793,4479.5885067163945,4951.228974316956,5460.588281065467,6009.788307765781,6601.023876647349,7236.563842395013,7918.752183178754,8650.00909168348,9432.832066138746
2.2653061224489797,1.0146571023155448,1.0602987258033991,1.166712384971421,1.4050082873813212,1.8745398216342652,2.703994587137857,4.052485423873112,6.110641442161454,9.10169905243169,13.282592994986986,18.94504736977187,26.416666666139186,36.06202679261709,48.283766106676055,63.52367644449581,82.26379415073235,105.02749110828492,132.38056576806298,164.93233417875322,203.33672101658652,248.29335061510486,300.5486379949283,360.8968798935227,430.1813457949647,509.2953689597117,599.1834374543655,700.8422851814428,815.3219829091382,943.7270293010956,1087.2174419461708,1247.0098483882025,1424.3785771557755,1620.6567487919922,1837.2373668842338,2075.574409093931,2337.1839181863343,2623.6450930602714,2936.6013797779246,3277.761562594588,3648.900854988447,4051.861990690331,4488.556314713487,4960.964874383353,5471.139510367314,6021.203947704479,6613.354886835432,7249.863094632017,7933.0744954270995,8665.411262044336,9449.372906827914
2.3061224489795915,1.0144481410088115,1.06003668011077,1.167225297576641,1.4075547397343484,1.8808417071397792,2.7162698843437743,4.073480969659097,6.1436657049274315,9.150654905286354,13.352010488936319,19.04011650690765,26.543270172827498,36.226772892686846,48.494021294607485,63.787598258609016,82.59036394637577,105.42654683102384,132.86283472686816,165.5094658191892,204.0213196940003,249.09900836781438,301.4899673174109,361.9895465096036,431.44210143100577,510.7420841177996,600.8351341855005,702.7191698587269,817.4454790009643,946.1198101443354,1089.9034635193632,1250.0143820847431,1427.7282425571038,1624.3795464407815,1841.3627110575785,2080.133160576536,2342.208417043702,2629.169191411892,2942.6604745704644,3284.3926283750775,3656.142476677468,4059.754396355208,4497.141408341475,4970.2862686548215,5481.242559428942,6032.1357799424395,6625.164437648582,7262.601139205088,7946.793681503879,8680.166142700866,9465.219973245672
2.3469387755102042,1.0142451487628696,1.059770290953281,1.1676784117217132,1.4099215091175041,1.8867591686694822,2.7278495931529423,4.093340632356629,6.174960812849723,9.197110367748822,13.417952266484921,19.130503244570406,26.663724833365993,36.383614389847786,48.6942961263742,64.03911214045294,82.90171344450806,105.8071509956468,133.3229667254268,166.06028456962272,204.67490149799374,249.86837854404996,302.38913183481964,363.03352362061685,432.64695330480674,512.1249484735747,602.4142559256911,704.5139327022808,819.4764371165872,948.4087197837425,1092.4733146505305,1252.889430025159,1430.934039607021,1627.9429735164679,1845.3120093245693,2084.4979630828843,2347.019780353232,2634.4596272374492,2948.463981407167,3290.744723133568,3663.0802263171663,4067.31644951756,4505.3680269832075,4979.219359681191,5490.925706326987,6042.614274414234,6636.485311244484,7274.8131949569915,7959.9475255584675,8694.314215952862,9480.416582971091
2.387755102040816,1.0140478863703537,1.0595004983871943,1.1680770899776873,1.412122900238712,1.8923213075194687,2.7387848591884647,4.11214630140049,6.204649608863611,9.24124101460614,13.48066003974363,19.21653052324585,26.77845165170376,36.53308898909651,48.88526550655842,64.27905261214595,83.19886118060467,106.17053258313629,133.76242971716562,166.58652803610752,205.29950657913395,250.60383900094084,303.248884601515,364.03197935590197,433.79952694397105,513.448089780185,603.9254800433638,706.2318507064552,821.4207865662981,950.6003952733934,1094.934398361666,1255.6432222782378,1434.0050894131887,1631.35710912933,1849.0963687919639,2088.681024798655,2351.6313936090005,2639.531042774389,2954.027881967774,3296.835254013437,3669.7330259167597,4074.5686798939846,4513.258404401982,4987.788185168028,5500.214896219555,6052.667390913938,6647.347592968234,7286.5315874889775,7972.570712001932,8707.892647481873,9495.002509382315
2.4285714285714284,1.0138561261914196,1.059228129327938,1.1684261708818555,1.4141718873529874,1.8975545793159563,2.7491222411871834,4.129972590991859,6.232844100130938,9.283207023148114,13.540354427496801,19.29849322330713,26.8878351931529,36.675688021818594,49.067546326066356,64.50818268440294,83.48273866684674,106.51781586469474,134.18256692028953,167.08978655678624,205.89700260791955,251.30756704777065,304.0717470205341,364.98781587028566,434.90314417074734,514.7152907550569,605.3730937455324,707.8777615834415,823.2839640587657,952.700923339971,1097.2935050037704,1258.2833090648958,1436.9497610058593,1634.6312028067273,1852.72598397488,2092.693552574782,2356.055546257753,2644.396883291726,2959.3668535910238,3302.680209746116,3676.118258053398,4081.5299495449467,4520.832971018292,4996.014836066185,5509.133976106366,6062.320831411332,6657.778942138088,7297.7860393579385,7984.69513608624,8720.935618312182,9509.014336028516
2.4693877551020407,1.013669651571953,1.0589539111622988,1.1687300264779947,1.4160802567776167,1.9024830741898515,2.7589041934804794,4.1468876018193495,6.259646588547375,9.323154774943507,13.597237143991718,19.37666107014799,26.992227349107274,36.81186122757052,49.241703433011594,64.72720120344434,83.75419931718947,106.85003112264161,134.58460956803634,167.57151823121697,206.46910234940182,251.98155984895084,304.86003237513273,365.90369632189277,435.96085386161764,515.9300239749052,606.7610334803287,709.4561080642067,825.0709633103664,954.7158957299152,1099.5568737910023,1260.8166289485919,1439.7757466742228,1637.7737574857845,1856.2102279772741,2096.54585184857,2360.303540935199,2649.069516238099,2964.4943989533917,3308.29430150214,3682.25191856013,4088.217618087622,4528.110532359126,5003.919648993171,5517.704901982066,6071.598262721674,6667.8048310411605,7308.6039262327895,7996.350178081668,8733.47461789553,9522.485769534474
2.510204081632653,1.0134882562819392,1.0586784836044756,1.168992612788245,1.4178587321343352,1.9071287631931348,2.7681694905313186,4.162953591498821,6.285150665995835,9.36121826623978,13.651492926532287,19.45128119302619,27.091950653492493,36.942020967087366,49.40825489411912,64.9367493258152,84.01402631408915,107.16812410130757,134.96968815005727,168.0330621729119,207.01737916219938,252.62765241976845,305.6158665867558,366.7820686733537,436.9754590885753,517.095482670024,608.0929197136579,710.970977003559,826.7863788416983,956.650458077705,1101.73024713863,1263.249569058718,1442.4901285091678,1640.792602827908,1859.5577330493538,2100.247414934181,2364.3857899990944,2653.560336546586,2969.422960694712,3313.6910874068517,3688.1487515214826,4094.6476887819395,4535.108426866183,5011.521376416573,5525.9479220696285,6080.521513485803,6677.44875637923,7319.010503547521,8007.562945901509,8745.538703495038,9535.447916554687
2.5510204081632653,1.0133117439758292,1.0584024090419315,1.1692175141782275,1.4195170846508498,1.911511715502286,2.7769536013183695,4.178227565995254,6.309442092506399,9.397520352669558,13.703291236913753,19.52258038404626,27.187301211019587,37.06654594269846,49.56767664162682,65.13741623779478,84.26293955840562,107.47296435764272,135.33884234643673,168.47565022223225,207.54328069875513,253.24753353577913,306.34120656889297,367.6251867392682,437.94954112342407,518.2146079629972,609.3720876945059,712.4261339791199,828.4344447324243,958.5093531541897,1103.8189187581359,1265.5880184017028,1445.0994373158123,1643.6949601346423,1862.776461925385,2103.8069992180203,2368.311901035083,2657.8798599214233,2974.1640229739837,3318.8830828715536,3693.8223689045512,4100.834938004777,4541.842665775183,5018.8373375196525,5533.881739272751,6089.110748829503,6686.732426775149,7329.029107514925,8018.358490303823,8757.154730276363,9547.929529476341
2.591836734693877,1.013139927676017,1.0581261815796488,1.1694079824336074,1.4210642305076708,1.9156502902796932,2.78528902020259,4.19276180247131,6.332599572789836,9.432173850138149,13.752787766539221,19.590767096826003,27.278551288408373,37.185784491040174,49.72040658658616,65.32974421878896,84.50160182303614,107.76535265612705,135.69302982604,168.900417321699,208.048141042741,253.84275982928264,307.0378564916872,368.4351288403325,438.8854807153757,519.2901130165233,610.6016147327948,713.8250539722932,830.0190689919684,960.2969592273878,1105.8277763224992,1267.8374151594028,1447.609704888112,1646.487499956328,1865.8737711391987,2107.23269656909,2372.090752765356,2662.0378056640975,2978.7282016479376,3323.8818585757813,3699.285356812591,4106.793030259145,4548.328057381805,5025.883552242291,5541.523655527445,6097.384625578996,6695.675929423317,7338.6813338012125,8028.759996197674,8768.347555871655,9559.95722488581
2.63265306122449,1.0129726292799441,1.057850234960153,1.1695669712461385,1.4225083169257942,1.9195613064986914,2.7932055599430643,4.206604312482783,6.354695444354353,9.465282510573878,13.80012577070406,19.65603321862117,27.365951612282032,37.300057503491004,49.866848267666974,65.51423313361033,84.73062421326993,108.0460275315101,136.0331340558777,169.30841072636886,208.53319148519628,254.41476830655594,307.70748222639406,369.213814372175,439.7854769926462,520.3245044876077,611.7843444376765,715.1709486340566,831.5438641083023,962.0173241620892,1107.761339396977,1270.0027887441809,1450.0265104943337,1649.1763933272591,1868.856467341731,2110.5319950852454,2375.730562583789,2666.0431703716004,2983.125324520943,3328.698127671866,3704.5493700619795,4112.534620556213,4554.5783176765835,5032.674860631971,5548.889700347876,6105.3604304961955,6704.2978785249725,7347.987196688185,8038.788953075498,8779.140222642049,9571.555678238172
2.6734693877551017,1.0128096790909287,1.0575749495104905,1.1696971667062368,1.4238567984466106,1.9232601935625542,2.800730611714491,4.219799253159303,6.375796288517323,9.49694188853931,13.84543725387343,19.718555644832254,27.449733411159706,37.40966102179808,50.00737409465501,65.69134442637048,84.95057102208371,108.31567112520025,136.35997124715897,169.70059819719887,208.99957011212632,254.9648874860818,308.3516242003069,369.96301855291193,440.6515642886414,521.3201016286432,612.9229083002328,716.4667905666636,833.0121742568903,963.6741957953393,1109.6237932316724,1272.0887972705575,1452.3550223014308,1651.7673574282703,1871.730857499355,2113.711834137037,2379.23894676751,2669.9042936505693,2987.3645029093886,3333.3418235602744,3709.6252165424476,4118.071445747798,4560.606169050656,5039.225029337563,5555.994745537032,6113.054203649326,6712.615547776202,7356.965271150703,8048.465307166913,8789.554120409734,9582.747797684622
2.7142857142857144,1.012650915372474,1.0573006582453381,1.1698010143139796,1.4251165046495253,1.9267611251469214,2.8078893762919184,4.2323872929280455,6.395963474023606,9.52724011243865,13.888844024691956,19.77849768072803,27.53011023368405,37.514868549656896,50.1423282374701,65.86150467844085,85.16196405614694,108.57491438619377,136.67429654598138,170.07787530447132,209.44833035195379,255.49434732981436,308.9717088603011,370.68438557629224,441.48562715106124,522.2790533280465,614.0197449506154,717.7153349918341,834.4270995842319,965.271049049571,1111.4190189286103,1274.0997610108757,1454.6000343644232,1654.2656963656123,1874.5027937288637,2116.7786535364335,2382.62297426818,2673.628916831326,2991.454195590231,3337.8221693961514,3714.522932617019,4123.414406167194,4566.42342853724,5045.546846823693,5562.852607758822,6120.480848740407,6720.644988861481,7365.632819940129,8057.807597549234,8799.60913204626,9593.554879602989
2.7551020408163263,1.0124961839255937,1.0570276522368571,1.1698807429485165,1.4262937003786886,1.9300771383562212,2.8147050699876788,4.244405937424318,6.415253641629081,9.556258572143568,13.930458636855022,19.836010291763326,27.60727957074794,37.615933115334954,50.272029204464005,66.0251087842553,85.36528649777658,108.82434171481009,136.97680956161963,170.4410719507174,209.88044861063122,256.00428811567116,309.5690589156967,371.3794403658843,442.2894137564928,523.2033533426327,615.0771173740304,718.919139124798,835.7915179231978,966.8111101814118,1113.150620425305,1276.039692324198,1456.765999720627,1656.676337660118,1877.1777134209474,2119.7384375439115,2385.889214862098,2677.2242355306425,2995.4022660565097,3342.1477403282424,3719.251850645749,4128.573638750053,4572.041086853067,5051.652208667364,5569.476140435936,6127.654231961973,6728.401137638606,7374.005907478704,8066.833078144622,8809.323763977984,9603.996748029409
2.7959183673469385,1.0123453376884872,1.0567561853462302,1.1699383861749046,1.4273941394026541,1.9332202399972525,2.8211991084330905,4.255889820458152,6.433719136861004,9.584072533237775,13.970385229759135,19.89123322093729,27.681424305392937,37.71308911562229,50.396772147764004,66.18252279136622,85.56098635915352,109.06449511679384,137.26815931266566,170.7909582076247,210.29683110477114,256.49576837921643,310.14490250785036,372.0495990991084,443.06454792273746,524.0948539395649,616.0971283312631,720.0805795301187,837.1081042487979,968.2973785101149,1114.8219486767966,1277.9123224812533,1458.8570600553408,1659.0038649601333,1879.760675215684,2122.596754330795,2389.0437823327893,2680.6969467972667,2999.216033877883,3346.326519336104,3723.8206595709876,4133.558582648937,4577.469379333473,5057.5521941150055,5575.877316240592,6134.587270743719,6735.897909474042,7382.099502127179,8075.55782727447,8818.715263392747,9614.091879894073
2.836734693877551,1.0121982363578106,1.0564864783985195,1.1699758012156083,1.4284231123053486,1.9362015015288365,2.8273912708789726,4.266870964247444,6.451408397191709,9.610751686701981,14.008720280968205,19.944295989147054,27.752714011128877,37.80655396730473,50.51683092833332,66.33408644490801,85.7494795775238,109.29587792624423,137.5489486604686,171.1282495486986,210.69831998830563,256.96977203529747,310.70038143408544,372.6961786472519,443.8125398853155,524.955278136501,617.0817341965028,721.2018676982555,838.3793481416974,969.7326459235412,1116.4361233670365,1279.721125751742,1460.8770723432872,1661.2525474231443,1882.256391318391,2125.3587914314785,2392.092373270004,2684.0532914764663,3002.902320858045,3350.3659474163574,3728.237459377236,4138.378038220484,4582.7178497096465,5063.257134921786,5582.067301277235,6141.29201356938,6743.148284994403,7389.927568181075,8083.996846220511,8827.799723695942,9623.857517712464
2.877551020408163,1.0120547460306755,1.0562187228712254,1.1699946858698156,1.429385489299857,1.9390311440382433,2.8332998473323356,4.277379012566941,6.4683662990313,9.636360641686062,14.045553280930282,19.995318792368387,27.821306116577155,37.896529588872724,50.632459969077544,66.48011547128738,85.9311527936383,109.51895814807358,137.8197382901109,171.453611548609,211.08569885553493,257.42721477573093,311.2365585366813,373.32040505828013,444.5347959825964,525.7862307036438,618.0327573971445,722.2850640502994,839.6075694915519,971.119514420358,1117.99605243695,1281.4693410721075,1462.8296328169195,1663.4263661525567,1884.6692565800333,2128.029387649977,2395.040301992398,2687.2990923464486,3006.4674925902013,3354.272968770402,3732.5098101322524,4143.040220149163,4587.795407552527,5068.776677361489,5588.0565219127075,6147.77971189013,6750.164387354739,7397.503148774346,8092.1641480533435,8836.592179562482,9633.309771168608
2.9183673469387754,1.0119147388664858,1.0559530841572966,1.1699965936260885,1.4302857585652398,1.9417186144172816,2.838941770541885,4.287441439982834,6.484634469235018,9.660959368011406,14.080967339010037,20.044413307681005,27.88734695199341,37.98320373220239,50.74389592061607,66.62090363136255,86.10636585015689,109.73417146406808,138.08105029128612,171.76766411088875,211.4596976926088,257.8689498266008,311.75442435320804,373.92342119273036,445.23262737518917,526.589208070097,618.9518976162221,723.3320905513573,840.7949326420853,972.4604119135479,1119.5044496792098,1283.1599915706292,1464.7180985672212,1665.529038026029,1887.0033747114858,2130.6130618251846,2397.8925320356484,2690.43978850809,3009.9174959341844,3358.054071561832,3736.644776224934,4147.552805373146,4592.710380101653,5074.11983818094,5593.85472508655,6154.060885028864,6756.957551982843,7404.838440717825,8100.072837827272,8845.106692758558,9642.463708842693
2.9591836734693877,1.011778092767679,1.0556897044551758,1.1699829471816547,1.4311280606284495,1.9442726537586374,2.8443327345840235,4.297083739932115,6.500251565213117,9.684603594186902,14.11503972873,20.09168341860259,27.95097269121544,38.066751181396945,50.8513591611601,66.75672456946941,86.27545404200802,109.94192394094449,138.33337138470003,172.07098527771524,211.82099734021725,258.2957731379866,312.2549031121242,374.50629360881896,445.9072579091131,527.3656072586716,619.8407418975462,724.3447420899458,841.9434591539998,973.757606491529,1120.963850617808,1284.7959021913373,1466.5456070436053,1667.5640372088599,1889.2625819538716,2133.114038807701,2400.653704591472,2693.480466448126,3013.257892872205,3361.715324739602,3740.648966337343,4151.922976393344,4597.4705591061775,5079.29505517485,5599.471032828558,6160.145378856464,6763.538389637448,7411.944862169893,8107.735185101441,8853.356429758776,9651.33344117735
3.0,1.0116446910784407,1.055428705331442,1.1699550505540586,1.4319162192463546,1.9467013588623627,2.8494873015770716,4.306329594053398,6.515253527209182,9.707345165984158,14.147842379106947,20.13722586886204,28.012310200856746,38.14733483378824,50.955055149210494,66.88783348130126,86.4387301466291,110.14259447392027,138.57715583382588,172.36411466868861,212.17023352231004,258.70842806971723,312.73885814692994,375.070018780728,446.559831218417,528.1167339575974,620.7007737759286,725.3246967608994,843.0550393395916,975.0132193084501,1122.3766268630463,1286.3797156278495,1468.3150936859888,1669.5346146090267,1891.4504684867175,2135.536272956781,2403.328164234669,2696.425888143329,3016.4938911429726,3365.2624113608426,3744.5285696209835,4156.157460474002,4602.0832432268335,5084.310232972521,5604.913991619967,6166.042418923717,6769.916843513701,7418.833113925027,8115.162689627734,8861.353732056574,9659.932195640742
